{"cameraMode":{"drawMode":0,"name":"Shaded","section":"Shading Mode"},"sceneLighting":true,"audioPlay":false,"sceneViewState":{"showFog":true,"showMaterialUpdate":true,"showSkybox":false,"showFlares":true,"showImageEffects":true,"showParticleSystems":true},"in2DMode":false,"pivot":{"x":2219.882080078125,"y":289.02294921875,"z":1458.4989013671875},"rotation":{"x":-0.21165284514427186,"y":0.019640566781163217,"z":-0.0042542447336018089,"w":-0.9771382212638855},"size":1802.8865966796875,"orthographic":false}